power,time,gas,pressure,ratio
396,9065,Argon,46,1.547277794
1703,10481,Argon,96,2.40556934
489,15493,Argon,46,1.007313721
4962,15074,Argon,36,1.752954092
4962,15074,Argon,36,1.752954092
